Signs,Print Services,Marketing
Building Signage,Book Printing & Binding,Creative Services
Banners & Posters,Brochures & Booklets,Audio & Video Production
Cable Display Systems,Business Cards,Branding & Identity
Exterior Temporary Signage,Calendars,Copywriting
Flags & Stands,Cards & Invitations,Graphic & Logo Design
Large Format Printing,Copy Services,Website Design & Development
Sidewalk Signs,"Custom Stationery, Envelopes & Letterheads",Direct Marketing & Mail Services
Vehicle Graphics,Flyers & Newsletters,Customer Retention & Reactivation
Wall & Window Graphics,Forms,Direct Mail
"Wayfinding, Yard & Site Signs","Labels, Stickers & Decals",Every-Door Direct Mail (EDDM)
Exhibits & Displays,Manuals & Catalogs,Mailing & Fulfillment Services
Backdrops,Photo Prints & Books,Variable Data & Mapping
Backlit Graphics,Postcards,Mobile & Online Marketing
"Banner Stands, Ups & Pop-ups",Presentation Folders,Email Marketing
Dry Erase Boards,Reports,Lead Generation
Kiosk Displays,Site Plans & Blueprints,Mobile Apps & Websites
Plaques & Awards,,Paid Search Marketing (SEM)
Table Throws,,Personalized URLs
Trade Shows,,QR Codes
Point of Purchase & Promotional,,Search Engine Optimization (SEO)
Booth Displays,,SMS/MMS Marketing
Literature Racks,,Social Media Marketing
Magnetic Graphics,,
Real Estate Signs,,
Retail Signs,,
Signs by Type & Material,,
Acrylic,,
Aluminum,,
Banner & Mesh,,
Coroplast,,
Dimensional Displays,,
Vinyl,,
Wayfinding & Directories,,
ADA,,
Building Signs,,
Directories,,
Menu Boards,,
Name Badges & Tags,,
Pole & Panel Signs,,
Regulatory,,
"Window, Wall & Floor",,
Ceiling Tiles,,
Floor Decals,,
Framed & Fine Art Prints,,
Frosted & Imaged Glass,,
Interior Dimensional Graphics,,
Window Shades,,
Indoor Banner,,