Print,Signs,Marketing
Popular,Signs,Popular
Business Cards,Retail Signage,Brochures
Brochures,A Frames,Flyers
Posters,Lightboxes,Catalogues
Pull-Up Banners,Acrylic Signs,Postcards
Postcards,Metal Signs,Posters & Banners
Menus,Corflute Signs,Point Of Sale
Flyers,Wayfinding Signs,Corporate Folders
Catalogues,Safety Signs,All Marketing Material
Stationery,Banners,Promotional
With Comps Slips,Vinyl Banners,Stickers
Stickers,Pull Up Banners,Branded Notepads
Custom Stamps,Tear Drop Banners,Wine Boxes
Letterheads,Feather Banners,Deskpads
Thanks Cards,Flag Banners,Calendars
Business Forms,Posters,Christmas Cards
Folders,Media Walls,Loyalty Cards
Notepads,Novelty Cheques,Merchandise
Finishing,Stickers & Decals,Magnets
Spot Varnish,Stickers,Branded Mugs
Embossing,Window Decals,Branded Tshirts & Clothing
Debossing,Door Signs,Umbrellas
Die-Cutting,Floor Signage,Promotional Pens
Binding,Window Frosting,Tablecloths & Covers
Foiling,Wall Graphics,Direct Mail
Laminating,Vehicle Decals & Magnets,Labels
Perforating,Labels,Packaging
Mailing,Other,Mailing Services
Packaging,Event Signage,Database Cleansing
Labels,Conference Signage,Barcoding
Envelopes,Exhibition Stands,Thank You Card Inserts
Barcoding,Corporate Signage,Impact Mail
Wine Boxes,Site Hoarding,Support
Custom Stickers,Real Estate Signs,Campaign Development
Other,Bollard Covers,Graphic Design
Photocopying,Point Of Sale,Copywriting
Annual Reports,Canvas Printing,Websites & Digital
Court & Legal Copying,Video Conference Backdrops,Brand
Funeral Booklets,,Logo Design
Presentations,,Imagery
Invitations,,Strategy
Plan Printing,,Print
Scanning,,Business Card Design
Covid / Reopening,,Marketing Collateral Design
Posters,,Brochure Design
Signage,,Annual Report Design
Floor Decals,,Invitation Design
Training Materials,,Digital
Video Backdrops,,Digital Design
Sanitiser Stands,,Website Design
Hygiene Shields,,Email Design
Cafe Barriers,,Support
,,View Our Work
,,Design Brief Template
,,Design Consultation
,,Digital Design
,,Website Design
,,Email Marketing
,,Digital Marketing
,,Image Sourcing & Editing
,,Copywriting